,city,country,latitude,temperature,humidity,cloudiness,windSpeed
0,tuktoyaktuk,ca,69.44,41.0,86.0,90.0,10.29
1,taolanaro,mg,,,,,
2,saint-philippe,re,-21.36,65.12,56.0,0.0,10.29
3,ponta do sol,cv,17.2,74.35,100.0,88.0,6.96
4,port hardy,ca,50.7,71.6,56.0,20.0,9.17
5,avarua,ck,-21.21,75.2,69.0,75.0,13.87
6,punta arenas,cl,-53.16,41.0,86.0,75.0,18.34
7,tongren,cn,27.72,86.22,77.0,8.0,3.71
8,kaitangata,nz,-46.28,50.27,92.0,80.0,3.94
9,axim,gh,4.87,76.86,99.0,80.0,13.0
10,sataua,ws,,,,,
11,kavaratti,in,10.57,82.54,96.0,92.0,20.94
12,bambous virieux,mu,-20.34,64.4,88.0,40.0,3.36
13,vanderhoof,ca,54.02,76.6,38.0,8.0,5.73
14,saint anthony,ca,,,,,
15,busselton,au,-33.64,54.05,100.0,92.0,22.73
16,ostrovnoy,ru,68.05,50.63,76.0,20.0,7.4
17,louisbourg,ca,,,,,
18,illoqqortoormiut,gl,,,,,
19,kirakira,sb,-10.46,77.05,100.0,92.0,8.41
20,alice springs,au,-23.7,69.8,16.0,0.0,11.41
21,puerto ayora,ec,-0.74,70.39,100.0,0.0,11.88
22,kikwit,cd,-5.04,69.31,93.0,8.0,4.27
23,rikitea,pf,-23.12,74.12,100.0,36.0,11.21
24,vaini,to,-21.2,75.2,64.0,20.0,12.75
25,whitstable,gb,51.36,62.64,87.0,68.0,9.31
26,butaritari,ki,3.07,84.38,100.0,56.0,8.63
27,albany,au,-35.02,49.41,94.0,80.0,23.06
28,fallon,us,46.84,87.8,23.0,1.0,10.29
30,sovetsk,ru,55.08,68.31,75.0,12.0,11.21
31,ushuaia,ar,-54.81,39.2,64.0,75.0,25.28
32,seguin,us,29.57,90.34,46.0,1.0,18.34
34,cape town,za,-33.93,48.2,81.0,0.0,5.82
35,hinton,ca,53.4,73.13,37.0,0.0,4.16
36,sao filipe,cv,14.9,75.38,100.0,92.0,3.38
37,laguna,br,,,,,
38,mormugao,in,,,,,
40,oranjemund,na,-28.55,58.32,96.0,0.0,25.86
41,kamaishi,jp,39.28,87.8,62.0,40.0,9.17
42,dongsheng,cn,29.72,95.58,74.0,12.0,4.38
43,oudtshoorn,za,-33.59,41.0,93.0,0.0,4.7
44,castro,cl,-42.48,40.5,91.0,24.0,5.39
46,tumannyy,ru,,,,,
47,amderma,ru,,,,,
48,hermanus,za,-34.42,31.24,100.0,0.0,3.38
51,souillac,mu,-20.52,64.4,88.0,40.0,3.36
52,east london,za,-33.02,56.57,100.0,92.0,8.86
53,guerrero negro,mx,27.97,84.2,58.0,24.0,8.3
56,roald,no,62.58,58.33,82.0,12.0,20.8
57,camana,pe,,,,,
58,pingyi,cn,,,,,
61,fairlie,nz,,,,,
62,muisne,ec,0.61,73.62,90.0,88.0,3.94
63,namatanai,pg,-3.66,83.44,97.0,24.0,6.62
64,khatanga,ru,71.98,61.2,84.0,12.0,11.32
67,kapaa,us,22.08,84.2,66.0,20.0,20.8
69,bereda,so,,,,,
70,victoria,sc,-4.62,77.0,83.0,40.0,9.17
71,sistranda,no,63.73,59.0,93.0,75.0,6.93
74,broken hill,au,-31.97,64.9,58.0,0.0,12.77
75,saryshagan,kz,,,,,
77,barrow,us,39.51,75.15,94.0,1.0,2.93
79,sentyabrskiy,ru,,,,,
80,san policarpo,ph,12.18,87.75,83.0,44.0,12.44
82,acajutla,sv,13.59,84.96,79.0,40.0,4.7
83,hithadhoo,mv,-0.6,82.58,100.0,8.0,4.16
84,hobart,au,-42.88,55.4,50.0,75.0,17.22
87,ulaanbaatar,mn,47.92,66.2,63.0,20.0,4.05
88,barcelona,ve,10.14,77.0,100.0,40.0,7.63
89,kochkurovo,ru,54.03,52.97,79.0,12.0,7.96
92,la gaulette,mu,,,,,
93,ailigandi,pa,9.23,75.87,100.0,92.0,1.48
95,tasiilaq,gl,65.61,37.4,93.0,64.0,10.29
97,mar del plata,ar,-46.43,44.33,72.0,8.0,15.46
98,gamba,ga,-2.72,71.42,98.0,100.0,8.3
99,padang,id,-0.92,78.4,100.0,92.0,6.06
100,tiksi,ru,71.64,60.12,73.0,0.0,6.06
101,xining,cn,36.62,62.91,76.0,64.0,1.59
102,georgetown,sh,-7.93,76.69,100.0,64.0,18.7
103,puerto del rosario,es,28.5,71.6,83.0,0.0,16.11
104,bako,et,5.83,54.27,86.0,8.0,1.59
105,kodiak,us,39.95,82.4,65.0,1.0,4.7
106,longlac,ca,,,,,
107,attawapiskat,ca,,,,,
108,conceicao da barra,br,-18.59,73.98,97.0,68.0,7.4
109,artsvaberd,am,40.84,62.65,99.0,92.0,1.36
110,inhambane,mz,-23.87,70.47,91.0,88.0,14.0
111,bengkulu,id,,,,,
112,saldanha,za,-33.01,48.15,100.0,0.0,11.77
113,cidreira,br,-30.17,58.6,100.0,100.0,17.02
114,ust-nera,ru,64.57,56.97,52.0,24.0,2.37
115,lagoa,pt,37.14,69.8,73.0,0.0,11.41
116,marawi,sd,18.48,82.81,52.0,32.0,9.75
119,ahipara,nz,-35.17,58.1,83.0,32.0,11.65
120,fairbanks,us,64.84,59.04,58.0,90.0,4.7
121,finschhafen,pg,-6.6,78.66,80.0,24.0,3.83
122,taltal,cl,-25.41,52.43,80.0,0.0,3.38
123,pemangkat,id,,,,,
124,bambanglipuro,id,-7.95,80.87,68.0,76.0,4.94
125,tromso,no,69.65,53.6,71.0,90.0,8.05
126,saint-augustin,ca,45.63,70.97,88.0,90.0,3.36
127,vaitupu,wf,,,,,
129,arraial do cabo,br,-22.97,69.8,98.0,0.0,20.49
130,pauini,br,-7.71,76.28,89.0,8.0,2.26
132,airai,pw,,,,,
133,altay,cn,47.83,65.52,59.0,0.0,3.15
134,olafsvik,is,,,,,
137,geraldton,au,-28.77,57.2,87.0,75.0,23.04
138,saint george,bm,32.38,80.6,74.0,20.0,3.36
139,mataura,pf,,,,,
142,komsomolskiy,ru,67.55,50.27,100.0,100.0,12.77
143,westport,nz,-41.75,50.76,82.0,12.0,3.38
145,kavieng,pg,-2.57,83.07,100.0,48.0,3.6
146,atuona,pf,-9.8,79.83,99.0,92.0,17.02
147,meulaboh,id,4.14,80.15,100.0,44.0,1.25
148,almendralejo,es,38.68,61.88,81.0,0.0,7.63
151,lebu,cl,-37.62,51.31,100.0,64.0,7.74
153,guilin,cn,25.28,84.2,70.0,0.0,4.47
154,betioky,mg,,,,,
157,tura,ru,64.27,57.33,63.0,20.0,2.93
159,hasaki,jp,35.73,78.03,94.0,75.0,12.75
160,koboldo,ru,,,,,
163,sieradz,pl,51.6,68.0,88.0,0.0,2.24
164,jamestown,sh,-15.94,68.63,100.0,68.0,24.4
167,skjervoy,no,70.03,53.73,96.0,80.0,9.53
168,kelo,td,9.31,68.31,99.0,88.0,3.04
169,cayenne,gf,4.94,77.0,94.0,0.0,2.24
170,hambantota,lk,6.12,80.19,94.0,24.0,15.23
172,haines junction,ca,60.75,51.08,75.0,92.0,2.82
174,mount gambier,au,-37.83,55.44,87.0,8.0,10.2
177,kruisfontein,za,-34.0,47.26,100.0,80.0,3.6
179,goedereede,nl,51.82,62.56,60.0,12.0,14.99
181,novyy urengoy,ru,66.08,60.21,100.0,8.0,14.67
183,rio claro,br,-22.41,66.2,88.0,0.0,1.12
184,brae,gb,60.4,53.6,81.0,80.0,10.29
185,bredasdorp,za,-34.53,35.6,93.0,48.0,1.12
187,sao jose da coroa grande,br,-8.9,73.62,91.0,92.0,6.85
189,port elizabeth,za,-33.92,46.4,87.0,0.0,2.24
192,faanui,pf,-16.48,80.82,97.0,68.0,12.88
193,karratha,au,-20.74,78.85,24.0,0.0,7.74
197,qaanaaq,gl,77.48,33.53,100.0,68.0,4.05
198,rawannawi,ki,,,,,
199,ochando,ph,,,,,
200,barentsburg,sj,,,,,
201,wagar,sd,16.15,73.9,79.0,56.0,8.97
202,port alfred,za,-33.59,54.27,100.0,88.0,4.72
203,yellowknife,ca,62.45,68.0,64.0,90.0,8.05
204,husavik,is,66.04,42.8,93.0,90.0,6.93
205,pisco,pe,-13.71,62.6,82.0,90.0,1.12
208,lompoc,us,34.64,75.13,33.0,1.0,11.41
210,weihai,cn,37.5,82.13,100.0,0.0,13.67
211,nangomba,tz,-10.9,57.69,82.0,0.0,2.04
212,provideniya,ru,64.42,50.0,76.0,90.0,8.95
215,christchurch,nz,-43.53,59.0,58.0,0.0,3.36
216,vagur,fo,61.47,52.88,99.0,92.0,19.26
219,manono,cd,-7.3,66.38,71.0,0.0,2.59
221,ankola,in,14.67,72.23,100.0,88.0,4.38
223,yuncheng,cn,35.03,89.2,65.0,8.0,3.71
225,san patricio,mx,19.22,82.4,83.0,75.0,6.93
227,ormara,pk,25.21,79.47,95.0,56.0,0.69
234,paradwip,in,,,,,
237,caluquembe,ao,-13.78,47.93,84.0,44.0,2.48
238,cherskiy,ru,68.75,52.93,61.0,0.0,4.94
240,narsaq,gl,60.91,46.4,81.0,80.0,4.7
241,atar,mr,20.52,75.2,72.0,20.0,2.59
244,beberibe,br,-4.18,78.8,78.0,40.0,10.29
246,jyvaskyla,fi,,,,,
248,bluff,nz,-46.6,51.21,97.0,92.0,14.79
249,san lorenzo,ar,-24.73,53.1,57.0,0.0,2.24
251,comodoro rivadavia,ar,-45.87,50.0,57.0,0.0,13.87
256,sulecin,pl,52.44,68.0,94.0,24.0,2.24
264,salalah,om,17.01,78.8,88.0,90.0,3.36
267,vestmannaeyjar,is,63.44,49.6,90.0,68.0,12.77
268,chagda,ru,,,,,
270,burica,pa,,,,,
271,najran,sa,17.54,82.4,37.0,5.0,2.24
272,khormuj,ir,,,,,
276,leshukonskoye,ru,64.9,53.37,78.0,36.0,6.17
279,manga,br,-14.75,80.15,48.0,68.0,10.76
281,caborca,mx,30.58,79.3,67.0,44.0,3.6
282,grand river south east,mu,,,,,
283,hilo,us,19.71,76.57,83.0,90.0,3.36
284,ambatofinandrahana,mg,-20.55,35.2,71.0,0.0,3.6
285,moba,cd,-7.04,62.82,87.0,0.0,4.38
286,mahebourg,mu,-20.41,64.4,88.0,40.0,3.36
289,ribeira grande,pt,38.52,74.3,100.0,24.0,6.62
291,ambilobe,mg,-13.19,57.47,83.0,0.0,4.72
292,waverly,us,37.04,82.9,78.0,1.0,8.3
293,mys shmidta,ru,,,,,
296,rosario do sul,br,-30.26,47.3,80.0,0.0,17.25
308,antalaha,mg,-14.9,68.31,94.0,64.0,7.85
309,alihe,cn,50.57,68.05,88.0,92.0,3.49
310,kalmunai,lk,7.42,79.47,88.0,44.0,3.6
311,wana,pk,32.31,69.31,90.0,88.0,3.15
315,plouzane,fr,48.38,57.63,93.0,0.0,3.36
316,longyearbyen,sj,78.22,42.8,87.0,75.0,11.41
327,bealanana,mg,-14.54,41.67,99.0,0.0,2.37
328,kuche,cn,,,,,
329,vanimo,pg,-2.67,83.3,100.0,24.0,11.99
330,samarai,pg,-10.62,78.17,100.0,36.0,14.9
332,mazatlan,mx,23.22,82.4,69.0,90.0,6.93
336,matagami,ca,49.76,71.6,60.0,20.0,4.7
340,nome,us,30.04,79.65,83.0,1.0,3.36
343,port blair,in,11.67,78.94,100.0,76.0,18.81
344,leh,in,34.16,39.96,98.0,76.0,1.03
349,upernavik,gl,72.79,39.6,96.0,92.0,10.42
351,sitka,us,37.17,69.17,90.0,0.0,4.16
353,baraya,co,9.08,73.26,100.0,48.0,2.37
354,honiara,sb,-9.43,86.0,66.0,75.0,4.7
356,chokurdakh,ru,70.62,50.18,76.0,0.0,13.56
361,la ronge,ca,55.1,77.0,50.0,20.0,4.7
366,carnarvon,au,-24.87,69.12,81.0,0.0,15.23
371,soligalich,ru,59.08,50.27,87.0,0.0,5.95
373,sakhipur,bd,24.3,84.2,83.0,75.0,9.17
379,srivardhan,in,18.03,73.71,100.0,92.0,7.52
382,rongcheng,cn,37.16,85.32,84.0,32.0,10.65
384,avdon,ru,54.67,60.8,93.0,75.0,11.18
386,kudat,my,6.89,80.6,83.0,75.0,3.36
387,kropotkin,ru,45.43,71.87,57.0,36.0,16.69
388,edd,er,13.93,82.18,50.0,0.0,2.37
389,ilulissat,gl,69.22,39.2,93.0,75.0,4.7
392,saleaula,ws,,,,,
394,thompson,ca,55.74,71.6,64.0,75.0,2.82
396,hamilton,bm,32.3,80.6,74.0,20.0,3.36
397,bethel,us,60.79,57.2,62.0,90.0,10.29
398,kirkuk,iq,35.47,70.88,57.0,0.0,3.15
399,maningrida,au,-12.05,82.71,55.0,0.0,14.79
402,saskylakh,ru,71.97,63.05,73.0,44.0,9.86
406,bandarbeyla,so,9.49,79.52,87.0,0.0,33.58
408,halalo,wf,,,,,
409,havoysund,no,71.0,46.4,93.0,0.0,10.29
410,dikson,ru,73.51,50.67,77.0,48.0,20.27
412,hammerfest,no,70.66,46.4,93.0,0.0,10.29
416,paamiut,gl,61.99,42.04,95.0,0.0,15.57
419,jiddah,sa,,,,,
420,thinadhoo,mv,0.53,82.35,100.0,88.0,4.72
427,qui nhon,vn,,,,,
429,samusu,ws,,,,,
431,puerto leguizamo,co,-0.19,72.72,94.0,0.0,2.15
432,enshi,cn,30.29,85.28,67.0,0.0,3.49
436,dingle,ie,52.14,57.02,100.0,88.0,14.56
437,scarborough,tt,11.18,80.6,74.0,20.0,14.45
438,taoudenni,ml,22.68,82.9,38.0,20.0,8.41
442,xinmin,cn,42.0,84.2,66.0,0.0,6.71
444,dosso,ne,13.05,74.25,93.0,68.0,5.5
446,middelburg,za,-25.77,47.26,95.0,0.0,6.96
450,port macquarie,au,-31.43,66.2,34.0,0.0,9.17
454,jurilovca,ro,44.77,66.2,82.0,0.0,9.17
457,chumikan,ru,54.72,54.91,98.0,92.0,5.73
464,shimoda,jp,34.7,80.19,74.0,40.0,18.34
466,riyadh,sa,24.63,87.8,12.0,64.0,10.29
468,karaul,ru,,,,,
474,beringovskiy,ru,63.05,53.82,89.0,68.0,11.1
476,dawei,mm,14.07,71.42,99.0,92.0,2.37
483,okhtyrka,ua,50.31,54.68,74.0,0.0,6.96
485,ancud,cl,-41.87,40.41,84.0,32.0,4.83
486,san ramon de la nueva oran,ar,-23.13,48.87,76.0,0.0,3.83
488,poum,nc,-20.23,72.95,100.0,44.0,6.4
490,norman wells,ca,65.28,48.2,93.0,90.0,18.34
491,belushya guba,ru,,,,,
492,farafangana,mg,-22.82,72.05,100.0,100.0,7.96
493,klaksvik,fo,62.23,50.0,100.0,64.0,10.29
494,fomboni,km,-12.28,75.47,100.0,0.0,7.74
495,san cristobal,ec,-1.02,59.72,100.0,48.0,1.81
503,uvalde,us,29.21,91.4,38.0,1.0,18.34
505,samokov,mk,41.68,66.2,82.0,0.0,2.24
507,raudeberg,no,61.99,59.0,82.0,80.0,10.29
509,dryden,ca,49.79,77.0,47.0,1.0,4.7
512,teahupoo,pf,-17.83,77.0,73.0,75.0,14.99
515,san juan bautista,py,-26.67,49.77,77.0,0.0,9.31
516,fortuna,us,40.6,57.74,77.0,1.0,11.41
517,porbandar,in,21.64,79.88,89.0,92.0,14.45
518,maceio,br,-9.67,73.4,88.0,75.0,4.7
520,languyan,ph,5.26,85.95,91.0,12.0,12.77
522,petropavlovsk-kamchatskiy,ru,53.05,66.2,63.0,12.0,2.24
526,bairiki,ki,,,,,
528,maine-soroa,ne,13.21,70.43,97.0,12.0,7.4
530,wrexham,gb,53.05,52.18,82.0,40.0,4.7
531,hartselle,us,34.44,78.37,88.0,75.0,4.7
534,makasar,id,-6.28,82.29,66.0,20.0,5.82
535,gigante,co,2.39,58.55,92.0,68.0,2.04
543,tiarei,pf,-17.53,77.0,73.0,75.0,14.99
544,lerwick,gb,60.15,53.6,81.0,32.0,10.29
547,touros,br,-5.2,73.54,99.0,92.0,9.86
549,carbunari,ro,44.83,80.6,54.0,0.0,23.04
550,nguiu,au,,,,,
551,tessalit,ml,20.2,79.07,66.0,64.0,9.98
554,caravelas,br,-17.73,76.41,99.0,64.0,8.97
555,karkaralinsk,kz,,,,,
556,bajil,ye,15.06,78.4,73.0,0.0,3.38
557,new norfolk,au,-42.78,55.4,50.0,75.0,17.22
563,santiago de cuba,cu,20.03,86.77,74.0,40.0,2.24
564,lashio,mm,22.93,71.87,98.0,92.0,2.59
565,jiwani,pk,25.05,80.65,90.0,20.0,11.1
566,abu samrah,qa,,,,,
567,katsuura,jp,33.93,82.4,65.0,75.0,9.17
568,korla,cn,41.76,80.6,44.0,32.0,4.72
569,cabo san lucas,mx,22.89,79.81,83.0,90.0,11.41
575,gornyy,ru,51.76,59.22,69.0,0.0,12.21
580,okhotsk,ru,59.36,66.43,78.0,0.0,4.05
586,khandyga,ru,62.65,67.28,70.0,12.0,3.38
589,calabar,ng,4.98,72.95,100.0,92.0,2.26
592,dum duma,in,27.57,82.4,83.0,40.0,2.37
596,grand gaube,mu,-20.01,64.4,88.0,40.0,3.36
597,iskateley,ru,67.68,55.26,66.0,0.0,15.46
601,acandi,co,8.51,76.1,100.0,64.0,2.04
602,dehri,in,24.87,81.19,92.0,8.0,8.19
607,sisimiut,gl,66.94,35.1,100.0,100.0,4.16
608,luanda,ao,-8.83,69.8,88.0,75.0,2.59
609,severo-kurilsk,ru,50.68,55.22,90.0,56.0,4.72
614,havre-saint-pierre,ca,50.23,57.2,93.0,20.0,3.36
617,muli,mv,2.92,84.25,97.0,92.0,14.12
619,lady lake,us,28.92,81.64,83.0,1.0,3.38
620,kaiyuan,cn,42.54,82.71,81.0,0.0,4.94
621,princeton,ca,49.46,93.49,13.0,40.0,8.05
622,iqaluit,ca,63.75,48.2,76.0,90.0,5.82
623,vila velha,br,-3.71,78.8,78.0,40.0,10.29
626,amapa,br,-1.83,84.16,55.0,0.0,5.06
629,preobrazheniye,ru,42.9,73.85,68.0,24.0,2.37
638,turbat,pk,26.0,78.17,87.0,32.0,4.38
639,da nang,vn,,,,,
640,yerbogachen,ru,61.28,61.52,59.0,12.0,4.27
642,tukrah,ly,,,,,
643,el vigia,ve,8.62,64.4,77.0,40.0,1.7
644,robertsport,lr,6.75,76.5,100.0,92.0,9.86
646,nanortalik,gl,60.14,42.31,98.0,80.0,6.85
647,zolotinka,ru,,,,,
648,chuy,uy,-33.69,50.9,97.0,36.0,14.56
649,acarau,br,,,,,
650,kem,ru,64.96,59.45,76.0,12.0,7.07
651,sakrand,pk,26.14,80.6,74.0,40.0,6.93
660,sechura,pe,-5.56,66.51,87.0,0.0,11.65
661,esperance,au,-33.86,56.12,59.0,80.0,25.08
663,deneysville,za,-26.89,57.87,84.0,100.0,6.96
664,novokruchininskiy,ru,51.78,68.0,64.0,8.0,4.47
666,marienburg,sr,5.88,75.2,94.0,20.0,2.24
673,mae hong son,th,19.3,78.8,78.0,20.0,2.59
675,cururupu,br,-1.82,77.27,87.0,32.0,7.07
677,nikolskoye,ru,59.7,57.2,76.0,0.0,4.47
685,karauzyak,uz,,,,,
686,acapulco,mx,16.86,84.2,74.0,75.0,3.36
704,harlingen,nl,53.18,61.9,87.0,90.0,4.7
706,bay roberts,ca,47.58,66.2,93.0,90.0,18.34
712,mahibadhoo,mv,3.78,83.97,97.0,80.0,14.34
713,polovinnoye,ru,54.79,69.85,83.0,48.0,7.85
716,margate,za,-30.86,52.52,100.0,88.0,8.19
717,asau,tv,,,,,
719,galich,ru,58.38,50.72,91.0,0.0,9.53
720,songkhla,th,7.2,80.6,83.0,75.0,6.93
721,barra patuca,hn,15.8,79.83,100.0,88.0,9.64
722,flinders,au,-34.58,60.8,44.0,40.0,3.36
727,marcona,pe,,,,,
730,juneau,us,58.3,59.74,77.0,90.0,16.11
731,lorain,us,41.47,73.89,73.0,1.0,4.7
733,turayf,sa,31.68,73.4,73.0,0.0,9.17
736,zyryanovsk,kz,49.74,72.0,52.0,0.0,2.04
738,baruun-urt,mn,46.68,70.11,71.0,20.0,9.98
741,watertown,us,44.9,80.73,83.0,1.0,6.93
745,codrington,ag,,,,,
746,ratnagiri,in,16.98,75.92,100.0,92.0,13.56
750,urdzhar,kz,,,,,
753,limbang,my,4.75,85.01,66.0,75.0,4.7
754,creemore,ca,44.33,68.0,94.0,20.0,2.24
757,umm lajj,sa,25.02,77.76,100.0,0.0,3.71
759,sioux lookout,ca,50.1,76.3,53.0,75.0,4.7
762,baykit,ru,61.68,57.33,76.0,64.0,3.83
766,namibe,ao,-15.19,65.12,100.0,64.0,7.74
768,belebey,ru,54.12,55.08,92.0,88.0,14.45
770,murygino,ru,58.74,56.35,68.0,80.0,10.54
771,solsvik,no,,,,,
773,skagastrond,is,,,,,
776,bad windsheim,de,49.5,64.96,82.0,1.0,2.71
777,orlik,ru,52.51,58.06,72.0,76.0,2.37
784,pontianak,id,-0.02,77.0,88.0,20.0,5.17
788,oulainen,fi,64.27,67.28,60.0,68.0,9.19
791,egvekinot,ru,66.32,36.36,82.0,76.0,8.75
799,semirom,ir,31.41,51.98,60.0,0.0,2.26
801,barroualie,vc,,,,,
804,leningradskiy,ru,69.38,33.31,100.0,88.0,13.22
805,louis trichardt,za,-23.04,57.06,82.0,36.0,6.17
806,chilliwack,ca,49.17,90.46,37.0,1.0,4.7
807,palabuhanratu,id,,,,,
809,lavrentiya,ru,65.58,44.65,100.0,80.0,10.98
810,matara,lk,5.95,79.3,92.0,36.0,12.44
815,srednekolymsk,ru,67.46,55.54,60.0,0.0,4.72
818,giyani,za,-23.32,58.86,85.0,92.0,9.19
820,monrovia,lr,6.33,75.2,94.0,75.0,6.06
824,bargal,so,,,,,
827,te anau,nz,-45.41,46.54,88.0,88.0,7.63
831,bangui,cf,4.39,73.4,94.0,20.0,2.24
832,razdolnoye,ua,,,,,
837,koslan,ru,63.46,49.82,81.0,36.0,5.17
839,bundaberg,au,-24.87,65.89,99.0,0.0,12.55
846,gat,ly,,,,,
847,la crosse,us,43.8,75.92,69.0,1.0,5.82
851,ekhabi,ru,53.51,59.0,94.0,92.0,9.19
852,aklavik,ca,68.22,44.6,70.0,90.0,12.75
853,calabozo,ve,8.92,76.69,84.0,8.0,3.6
856,rostovka,ru,55.02,64.4,77.0,40.0,2.24
860,carballo,es,43.21,57.15,93.0,92.0,2.24
867,tsihombe,mg,,,,,
870,makakilo city,us,21.35,85.08,55.0,20.0,13.87
873,oranjestad,aw,12.52,82.4,78.0,20.0,20.8
876,coquimbo,cl,-29.95,53.6,93.0,20.0,5.82
880,llanes,es,43.42,53.37,99.0,92.0,2.59
882,la baneza,es,42.3,46.4,87.0,0.0,2.24
884,sembe,cg,1.65,69.17,97.0,88.0,2.15
885,necochea,ar,-38.55,44.42,98.0,76.0,17.02
888,caohai,cn,26.87,60.8,100.0,100.0,3.6
894,lodwar,ke,3.12,66.2,82.0,8.0,2.59
895,baherden,tm,38.44,79.2,37.0,0.0,3.49
897,alugan,ph,12.22,87.75,83.0,44.0,12.44
905,fuerte,ph,17.54,74.57,98.0,92.0,8.52
907,maldonado,uy,-34.91,50.0,87.0,40.0,6.93
912,fuxin,cn,42.02,87.94,61.0,0.0,6.29
917,tepalcingo,mx,18.6,78.8,47.0,75.0,5.82
919,coihaique,cl,-45.58,38.16,80.0,76.0,2.24
926,poroshkovo,ua,48.67,59.27,86.0,0.0,2.15
929,ponta delgada,pt,37.73,68.0,82.0,20.0,4.7
932,tooele,us,40.53,89.02,18.0,1.0,4.7
934,jinchang,cn,38.52,72.77,74.0,12.0,4.05
938,trairi,br,-3.28,79.39,99.0,8.0,19.82
940,toliary,mg,,,,,
941,takoradi,gh,4.89,75.65,100.0,68.0,9.98
942,praia,cv,14.92,77.0,78.0,75.0,6.93
943,menongue,ao,-14.66,52.02,67.0,20.0,2.15
946,karpogory,ru,64.0,52.52,80.0,88.0,5.39
947,izberbash,ru,42.57,77.0,73.0,20.0,17.9
956,clyde river,ca,70.47,41.0,86.0,90.0,3.36
957,sur,om,22.57,81.64,98.0,32.0,5.28
961,pavagada,in,14.1,78.85,67.0,24.0,15.57
963,seydi,tm,39.48,83.16,32.0,0.0,10.65
964,siilinjarvi,fi,63.08,64.4,68.0,0.0,12.75
965,santa rosa,ar,-36.62,36.72,82.0,0.0,6.17
966,ust-uda,ru,54.17,68.72,69.0,8.0,6.17
973,rybnoye,ru,51.99,56.8,67.0,0.0,11.99
974,pemberton,ca,50.32,89.6,24.0,20.0,5.82
977,avera,pf,,,,,
980,evensk,ru,61.92,56.48,92.0,68.0,0.69
981,luderitz,na,-26.65,52.43,92.0,0.0,18.48
983,ilhabela,br,-23.78,68.76,97.0,12.0,7.85
986,mustasaari,fi,63.17,69.8,68.0,56.0,11.41
988,ozernovskiy,ru,51.5,53.33,93.0,88.0,5.39
989,adrar,dz,27.87,93.2,18.0,56.0,8.05
994,maltahohe,na,-24.83,37.22,41.0,0.0,9.31
996,vila,vu,,,,,
997,sambava,mg,-14.27,72.45,100.0,100.0,14.79
1000,macaboboni,ph,,,,,
1012,venice,us,27.1,80.6,83.0,1.0,6.93
1017,tuatapere,nz,-46.13,51.31,100.0,88.0,8.41
1018,batemans bay,au,-35.71,58.55,74.0,0.0,4.38
1025,sola,vu,-13.88,79.66,92.0,76.0,14.79
1028,mayahi,ne,13.95,73.98,88.0,68.0,9.75
1031,homer,us,59.64,60.91,48.0,90.0,5.82
1033,namtsy,ru,62.72,71.29,51.0,24.0,3.27
1035,biltine,td,14.53,66.25,98.0,20.0,5.84
1038,bilma,ne,18.69,83.07,49.0,8.0,8.19
1039,biak,id,-0.91,78.62,93.0,88.0,5.95
1040,guarapari,br,-20.67,72.27,100.0,48.0,10.09
1041,at-bashi,kg,41.17,58.82,53.0,0.0,1.59
1042,kaeo,nz,-35.1,59.14,70.0,8.0,12.1
1044,zyryanka,ru,65.73,57.69,51.0,8.0,4.16
1054,aketi,cd,2.74,70.7,93.0,48.0,3.71
1055,manokwari,id,-0.87,82.35,100.0,36.0,6.17
1058,belem de sao francisco,br,-8.75,71.87,67.0,0.0,12.33
1059,maymyo,mm,22.03,82.4,74.0,75.0,3.36
1060,rawson,ar,-43.3,39.38,90.0,20.0,11.99
1061,shubarshi,kz,48.59,76.55,48.0,48.0,7.96
1065,pacific grove,us,36.62,65.37,87.0,75.0,6.93
1069,antofagasta,cl,-23.65,55.4,87.0,90.0,4.7
1076,grindavik,is,63.84,47.48,87.0,75.0,19.46
1077,diffa,ne,13.32,70.43,95.0,32.0,6.62
1078,okha,ru,53.59,59.0,94.0,92.0,9.19
1080,cherat,pk,33.82,78.8,83.0,40.0,4.7
1083,puquio,pe,-14.69,29.25,93.0,0.0,3.94
1087,alofi,nu,-19.06,75.2,60.0,40.0,6.93
1089,mozarlandia,br,-14.74,69.35,85.0,0.0,2.37
1093,shache,cn,38.42,80.46,36.0,0.0,5.61
1094,quelimane,mz,-17.88,72.81,96.0,92.0,4.05
1096,boyolangu,id,-8.09,83.7,59.0,8.0,5.61
1098,oktyabrskiy,ru,55.61,49.42,87.0,0.0,2.24
1100,solwezi,zm,-12.18,51.66,43.0,0.0,7.29
1102,weyburn,ca,49.67,77.05,37.0,0.0,5.73
1104,nizhneyansk,ru,,,,,
1107,maniitsoq,gl,65.42,39.87,100.0,92.0,1.59
1113,trujillo,ve,9.37,64.44,75.0,0.0,2.59
1116,wasilla,us,61.58,59.0,67.0,90.0,5.82
1118,bontang,id,0.12,84.6,89.0,48.0,7.4
1120,palmer,us,61.6,59.05,77.0,90.0,4.7
1121,mana,gf,5.67,75.25,91.0,0.0,3.71
1123,nizhniy kuranakh,ru,58.84,66.92,75.0,48.0,2.93
1128,ouallam,ne,14.32,78.85,75.0,64.0,8.08
1136,tynda,ru,55.15,64.81,77.0,56.0,3.49
1139,mitsamiouli,km,-11.38,72.55,100.0,0.0,6.51
1141,constitucion,mx,23.99,73.4,46.0,75.0,3.36
1142,deniliquin,au,-35.53,55.9,96.0,20.0,8.08
1147,pevek,ru,69.7,41.72,100.0,0.0,7.85
1148,sorrento,it,40.63,75.94,69.0,0.0,2.24
1149,broome,au,-17.97,75.2,23.0,0.0,8.05
1152,ambon,id,-3.7,79.43,99.0,100.0,7.96
1159,varena,lt,54.21,62.6,77.0,0.0,4.7
1162,ozu,jp,33.51,80.6,69.0,75.0,4.7
1165,banswara,in,23.55,74.52,99.0,92.0,7.96
1166,nishihara,jp,35.74,81.93,78.0,20.0,9.17
1167,nara,ml,15.17,71.65,96.0,32.0,7.74
1168,mehamn,no,71.03,45.1,95.0,68.0,3.49
1173,savannah bight,hn,16.45,79.3,100.0,88.0,14.67
1183,long beach,us,30.35,82.13,94.0,20.0,4.72
1186,valparaiso,cl,-33.04,51.1,71.0,0.0,5.82
1191,sombrerete,mx,23.63,62.01,45.0,36.0,4.38
1192,nyurba,ru,63.29,64.54,62.0,80.0,3.6
1200,palotina,br,-24.28,63.19,100.0,24.0,14.23
1210,tiznit,ma,29.7,68.76,92.0,0.0,3.15
1212,hoa binh,vn,20.81,82.4,94.0,75.0,5.82
1213,oyama,jp,36.31,81.28,58.0,75.0,10.29
1214,zeya,ru,53.74,63.5,89.0,88.0,3.15
1215,vila franca do campo,pt,37.72,68.0,82.0,20.0,3.36
1216,talnakh,ru,69.49,56.7,63.0,24.0,17.25
1217,bikapur,in,26.66,83.7,95.0,8.0,11.43
1222,itapolis,br,-21.6,64.9,93.0,92.0,10.2
1224,xinye,cn,32.53,94.1,74.0,8.0,3.38
1228,chililabombwe,zm,-12.37,52.2,47.0,0.0,7.4
1229,artyk,ru,,,,,
1232,escarcega,mx,18.61,75.43,93.0,20.0,2.26
1233,zhezkazgan,kz,47.8,69.8,46.0,0.0,4.47
1235,kamenskoye,ru,,,,,
1243,safaqis,tn,,,,,
1244,manzil tamim,tn,,,,,
1248,binghamton,us,42.1,68.0,94.0,75.0,3.36
1251,xai-xai,mz,-25.04,68.45,96.0,32.0,12.33
1252,harper,lr,4.38,77.31,100.0,88.0,9.19
1256,poya,nc,-21.35,70.66,100.0,76.0,13.44
1258,port hawkesbury,ca,45.62,64.4,93.0,20.0,2.24
1264,yazman,pk,,,,,
1268,puerto gaitan,co,,,,,
1269,honningsvag,no,70.98,47.48,100.0,68.0,4.94
1275,halifax,ca,44.65,69.15,100.0,90.0,6.93
1278,carutapera,br,-1.2,78.75,84.0,48.0,8.97
1285,nova olimpia,br,-14.8,76.06,82.0,76.0,8.19
1287,batagay-alyta,ru,67.8,65.93,54.0,0.0,4.05
1289,morehead,pg,-8.71,86.5,57.0,0.0,19.6
1306,bolshoye sorokino,ru,,,,,
1307,kodinsk,ru,58.6,64.44,60.0,0.0,3.71
1308,yar-sale,ru,66.83,48.65,100.0,92.0,26.31
1319,mgachi,ru,51.05,66.6,80.0,0.0,5.17
1321,nemuro,jp,43.32,60.8,93.0,75.0,9.17
1323,tarudant,ma,,,,,
1326,hofn,is,64.25,47.75,99.0,68.0,11.54
1327,mancio lima,br,,,,,
1329,faya,td,,,,,
1333,taywarah,af,33.35,59.76,59.0,0.0,3.49
1334,olinda,br,-22.82,68.58,88.0,0.0,2.24
1335,khonuu,ru,,,,,
1336,redmond,us,47.67,88.81,27.0,1.0,4.7
1349,cockburn town,tc,21.46,82.13,100.0,0.0,15.57
1355,juba,sd,,,,,
1356,deputatskiy,ru,69.3,56.75,42.0,0.0,9.64
1357,saleilua,ws,,,,,
1363,manta,ec,-0.95,75.2,83.0,20.0,6.93
1364,yaan,cn,,,,,
1372,fort william,gb,56.82,49.28,95.0,92.0,9.19
1373,mastic beach,us,40.77,78.8,100.0,75.0,6.93
1378,bulgan,mn,48.81,64.81,81.0,88.0,4.16
1381,pangnirtung,ca,66.15,42.04,84.0,0.0,4.27
1382,meyungs,pw,,,,,
1386,vitim,ru,59.44,61.25,68.0,20.0,3.27
1387,cartagena del chaira,co,1.33,72.77,95.0,24.0,2.15
1394,roma,au,-26.57,60.21,75.0,0.0,6.96
1398,fontem,cm,5.49,61.56,97.0,88.0,0.92
1399,yatou,cn,33.81,70.47,54.0,0.0,1.92
1401,beyla,gn,8.69,67.5,93.0,24.0,6.29
1403,eyrarbakki,is,63.86,48.2,76.0,40.0,8.05
1407,ilheus,br,-14.79,71.6,94.0,40.0,3.36
1414,imbituba,br,-28.24,62.6,93.0,40.0,8.05
1424,palencia,es,42.01,59.68,66.0,0.0,9.64
1425,yasothon,th,15.8,78.8,88.0,75.0,8.05
1427,gazanjyk,tm,39.24,79.07,33.0,0.0,4.83
1431,contamana,pe,-7.35,76.32,85.0,8.0,1.81
1435,lebanon,us,43.64,72.5,88.0,40.0,2.15
1442,barawe,so,,,,,
1450,soyo,ao,-6.13,65.61,98.0,64.0,2.59
1456,butembo,cd,0.12,55.0,89.0,0.0,0.69
1458,pontes e lacerda,br,-15.23,70.66,75.0,36.0,8.41
1465,entre rios,br,-11.94,74.03,92.0,92.0,6.4
1467,mizdah,ly,31.45,71.65,67.0,0.0,3.15
1470,victor harbor,au,-35.55,62.6,48.0,0.0,20.8
1474,kinsale,ie,51.71,48.2,87.0,20.0,2.24
1480,elizabeth city,us,36.3,82.74,94.0,1.0,6.93
1482,jacksonville,us,30.33,79.5,94.0,90.0,5.39
1484,suntar,ru,62.16,58.1,78.0,92.0,7.07
1486,celestun,mx,20.87,82.71,100.0,32.0,13.67
1490,price,us,39.6,84.2,9.0,1.0,12.75
1493,elk city,us,35.41,76.44,73.0,1.0,5.82
1495,tasbuget,kz,,,,,
1498,myski,ru,53.71,68.5,71.0,0.0,2.93
